timesteps,return
0,21.433333333333334
250,9.433333333333334
500,9.5
750,9.2
1000,55.86666666666667
1250,9.433333333333334
1500,9.3
1750,20.666666666666668
2000,26.4
2250,67.73333333333333
2500,85.73333333333333
2750,159.06666666666666
3000,133.0
3250,46.2
3500,30.766666666666666
3750,71.53333333333333
4000,181.56666666666666
4250,120.5
4500,140.63333333333333
4750,136.6
5000,53.46666666666667
5250,191.13333333333333
5500,351.8
5750,398.3666666666667
6000,181.86666666666667
6250,334.2
6500,464.8
6750,268.3
7000,275.53333333333336
7250,172.06666666666666
7500,16.1
7750,242.56666666666666
8000,232.03333333333333
8250,402.1666666666667
8500,281.3
8750,494.53333333333336
9000,204.13333333333333
9250,153.83333333333334
9500,131.33333333333334
9750,402.0
10000,500.0
10250,500.0
10500,205.46666666666667
10750,89.2
11000,197.06666666666666
11250,189.1
11500,126.36666666666666
11750,370.2
12000,190.13333333333333
12250,233.23333333333332
12500,200.13333333333333
12750,228.3
13000,283.53333333333336
13250,161.83333333333334
13500,301.4
13750,323.26666666666665
14000,500.0
14250,500.0
14500,415.9
14750,500.0
15000,357.06666666666666
15250,251.8
15500,151.76666666666668
15750,336.0
16000,362.0
16250,500.0
16500,500.0
16750,500.0
17000,500.0
17250,500.0
17500,500.0
17750,500.0
18000,500.0
18250,411.56666666666666
18500,500.0
18750,499.3
19000,403.06666666666666
19250,266.6
19500,372.53333333333336
19750,387.9
20000,388.43333333333334
20250,398.7
20500,349.93333333333334
20750,500.0
21000,500.0
21250,500.0
21500,500.0
21750,341.2
22000,500.0
22250,500.0
22500,500.0
22750,500.0
23000,500.0
23250,383.6333333333333
23500,500.0
23750,410.73333333333335
24000,500.0
24250,500.0
24500,483.8
24750,500.0
25000,500.0
25250,500.0
25500,326.1
25750,500.0
26000,110.26666666666667
26250,500.0
26500,500.0
26750,500.0
27000,492.8666666666667
27250,155.13333333333333
27500,146.3
27750,116.96666666666667
28000,500.0
28250,500.0
28500,500.0
28750,210.5
29000,500.0
29250,324.26666666666665
29500,500.0
29750,500.0
30000,500.0
30250,500.0
30500,500.0
30750,263.3
31000,287.93333333333334
31250,500.0
31500,500.0
31750,302.6333333333333
32000,500.0
32250,500.0
32500,278.46666666666664
32750,500.0
33000,499.8333333333333
33250,500.0
33500,326.2
33750,155.73333333333332
34000,200.7
34250,265.53333333333336
34500,500.0
34750,500.0
35000,154.7
35250,263.8333333333333
35500,500.0
35750,500.0
36000,500.0
36250,9.4
36500,500.0
36750,275.1333333333333
37000,500.0
37250,500.0
37500,500.0
37750,500.0
38000,500.0
38250,500.0
38500,500.0
38750,292.0
39000,362.1666666666667
39250,497.8333333333333
39500,141.56666666666666
39750,459.23333333333335
40000,500.0
40250,500.0
40500,194.23333333333332
40750,159.16666666666666
41000,137.03333333333333
41250,116.93333333333334
41500,137.03333333333333
41750,131.66666666666666
42000,141.5
42250,498.3666666666667
42500,500.0
42750,413.7
43000,410.9
43250,488.6
43500,350.96666666666664
43750,493.53333333333336
44000,500.0
44250,393.53333333333336
44500,500.0
44750,500.0
45000,191.06666666666666
45250,255.6
45500,341.8
45750,500.0
46000,500.0
46250,500.0
46500,500.0
46750,500.0
47000,500.0
47250,500.0
47500,500.0
47750,500.0
48000,500.0
48250,500.0
48500,500.0
48750,500.0
49000,500.0
49250,227.36666666666667
49500,233.86666666666667
49750,246.23333333333332
50000,386.9
50250,500.0
50500,500.0
50750,500.0
51000,500.0
51250,500.0
51500,500.0
51750,103.13333333333334
52000,102.13333333333334
52250,103.06666666666666
52500,95.26666666666667
52750,500.0
53000,500.0
53250,500.0
53500,500.0
53750,500.0
54000,500.0
54250,10.066666666666666
54500,500.0
54750,500.0
55000,500.0
55250,500.0
55500,500.0
55750,500.0
56000,496.26666666666665
56250,500.0
56500,500.0
56750,500.0
57000,500.0
57250,500.0
57500,307.4
57750,500.0
58000,59.13333333333333
58250,500.0
58500,500.0
58750,500.0
59000,500.0
59250,258.8333333333333
59500,12.0
59750,500.0
60000,500.0
60250,500.0
60500,500.0
60750,500.0
61000,500.0
61250,147.36666666666667
61500,500.0
61750,500.0
62000,500.0
62250,500.0
62500,143.86666666666667
62750,500.0
63000,483.9
63250,500.0
63500,500.0
63750,500.0
64000,168.46666666666667
64250,500.0
64500,500.0
64750,419.5
65000,117.33333333333333
65250,500.0
65500,500.0
65750,500.0
66000,500.0
66250,500.0
66500,500.0
66750,500.0
67000,500.0
67250,500.0
67500,268.53333333333336
67750,191.23333333333332
68000,500.0
68250,500.0
68500,184.4
68750,167.53333333333333
69000,161.93333333333334
69250,172.06666666666666
69500,291.1333333333333
69750,500.0
70000,500.0
70250,500.0
70500,500.0
70750,500.0
71000,500.0
71250,500.0
71500,500.0
71750,500.0
72000,500.0
72250,500.0
72500,500.0
72750,500.0
73000,500.0
73250,500.0
73500,500.0
73750,500.0
74000,185.2
74250,211.0
74500,500.0
74750,500.0
75000,500.0
75250,500.0
75500,500.0
75750,500.0
76000,500.0
76250,500.0
76500,500.0
76750,500.0
77000,451.26666666666665
77250,212.23333333333332
77500,500.0
77750,500.0
78000,500.0
78250,500.0
78500,500.0
78750,500.0
79000,500.0
79250,500.0
79500,500.0
79750,156.46666666666667
80000,183.0
80250,176.7
80500,500.0
80750,178.6
81000,201.7
81250,485.3
81500,345.3333333333333
81750,167.2
82000,198.13333333333333
82250,153.93333333333334
82500,135.66666666666666
82750,180.23333333333332
83000,173.63333333333333
83250,165.23333333333332
83500,208.06666666666666
83750,151.23333333333332
84000,127.1
84250,247.7
84500,134.66666666666666
84750,191.3
85000,298.0
85250,500.0
85500,500.0
85750,205.63333333333333
86000,500.0
86250,500.0
86500,500.0
86750,500.0
87000,178.23333333333332
87250,500.0
87500,500.0
87750,233.63333333333333
88000,269.6
88250,273.76666666666665
88500,500.0
88750,280.4
89000,416.76666666666665
89250,500.0
89500,500.0
89750,226.06666666666666
90000,123.03333333333333
90250,500.0
90500,262.6333333333333
90750,291.26666666666665
91000,500.0
91250,500.0
91500,500.0
91750,23.966666666666665
92000,500.0
92250,500.0
92500,500.0
92750,500.0
93000,500.0
93250,9.7
93500,500.0
93750,500.0
94000,226.86666666666667
94250,224.33333333333334
94500,197.9
94750,195.2
95000,159.3
95250,188.9
95500,447.6666666666667
95750,204.9
96000,201.2
96250,433.2
96500,500.0
96750,416.0
97000,500.0
97250,500.0
97500,124.23333333333333
97750,500.0
98000,134.3
98250,500.0
98500,119.26666666666667
98750,500.0
99000,500.0
99250,122.53333333333333
99500,500.0
99750,228.2
100000,500.0
100250,500.0
100500,500.0
100750,500.0
101000,132.66666666666666
101250,140.23333333333332
101500,166.26666666666668
101750,165.23333333333332
102000,179.36666666666667
102250,500.0
102500,500.0
102750,500.0
103000,500.0
103250,500.0
103500,500.0
103750,500.0
104000,500.0
104250,500.0
104500,500.0
104750,98.13333333333334
105000,183.66666666666666
105250,236.3
105500,249.53333333333333
105750,202.73333333333332
106000,184.23333333333332
106250,183.06666666666666
106500,165.43333333333334
106750,149.2
107000,423.53333333333336
107250,273.76666666666665
107500,82.76666666666667
107750,87.73333333333333
108000,117.73333333333333
108250,165.4
108500,500.0
108750,164.46666666666667
109000,63.233333333333334
109250,500.0
109500,71.9
109750,72.0
110000,69.0
110250,56.1
110500,61.0
110750,58.6
111000,84.5
111250,390.2
111500,500.0
111750,351.8666666666667
112000,500.0
112250,169.26666666666668
112500,179.13333333333333
112750,228.4
113000,328.53333333333336
113250,500.0
113500,500.0
113750,446.26666666666665
114000,500.0
114250,500.0
114500,500.0
114750,486.03333333333336
115000,500.0
115250,277.2
115500,444.3666666666667
115750,500.0
116000,268.46666666666664
116250,233.86666666666667
116500,242.23333333333332
116750,500.0
117000,253.23333333333332
117250,249.43333333333334
117500,245.06666666666666
117750,251.7
118000,220.26666666666668
118250,102.6
118500,184.96666666666667
118750,114.5
119000,134.43333333333334
119250,114.66666666666667
119500,500.0
119750,500.0
120000,500.0
120250,430.06666666666666
120500,485.8
120750,500.0
121000,337.03333333333336
121250,174.06666666666666
121500,134.56666666666666
121750,376.73333333333335
122000,454.3
122250,360.43333333333334
122500,187.46666666666667
122750,228.0
123000,178.7
123250,146.76666666666668
123500,151.73333333333332
123750,84.8
124000,172.46666666666667
124250,190.63333333333333
124500,363.5
124750,500.0
125000,500.0
125250,500.0
125500,500.0
125750,500.0
126000,500.0
126250,500.0
126500,96.86666666666666
126750,110.53333333333333
127000,98.03333333333333
127250,94.56666666666666
127500,500.0
127750,86.46666666666667
128000,79.73333333333333
128250,116.0
128500,500.0
128750,500.0
129000,71.46666666666667
129250,277.73333333333335
129500,97.53333333333333
129750,93.03333333333333
130000,262.3666666666667
130250,500.0
130500,282.43333333333334
130750,217.8
131000,144.56666666666666
131250,144.36666666666667
131500,147.76666666666668
131750,317.8666666666667
132000,500.0
132250,498.6
132500,276.53333333333336
132750,296.53333333333336
133000,271.3666666666667
133250,240.6
133500,251.4
133750,249.76666666666668
134000,222.63333333333333
134250,378.3666666666667
134500,298.4
134750,500.0
135000,500.0
135250,110.8
135500,16.066666666666666
135750,271.1333333333333
136000,222.9
136250,130.6
136500,105.1
136750,130.5
137000,439.96666666666664
137250,243.03333333333333
137500,248.16666666666666
137750,234.26666666666668
138000,155.83333333333334
138250,176.0
138500,222.26666666666668
138750,205.1
139000,297.5
139250,500.0
139500,397.7
139750,500.0
140000,500.0
140250,500.0
140500,500.0
140750,391.5
141000,500.0
141250,500.0
141500,127.3
141750,500.0
142000,172.03333333333333
142250,175.96666666666667
142500,392.1333333333333
142750,328.8333333333333
143000,442.73333333333335
143250,488.4
143500,198.83333333333334
143750,500.0
144000,500.0
144250,186.66666666666666
144500,238.26666666666668
144750,500.0
145000,226.06666666666666
145250,233.33333333333334
145500,500.0
145750,500.0
146000,500.0
146250,500.0
146500,500.0
146750,377.76666666666665
147000,500.0
147250,500.0
147500,10.366666666666667
147750,217.36666666666667
148000,500.0
148250,500.0
148500,500.0
148750,500.0
149000,500.0
149250,500.0
149500,500.0
149750,500.0
150000,500.0
150250,500.0
150500,500.0
150750,500.0
151000,500.0
151250,500.0
151500,500.0
151750,500.0
152000,500.0
152250,500.0
152500,500.0
152750,111.33333333333333
153000,500.0
153250,500.0
153500,500.0
153750,500.0
154000,500.0
154250,500.0
154500,500.0
154750,500.0
155000,500.0
155250,500.0
155500,500.0
155750,500.0
156000,500.0
156250,500.0
156500,500.0
156750,500.0
157000,500.0
157250,500.0
157500,500.0
157750,500.0
158000,500.0
158250,500.0
158500,500.0
158750,500.0
159000,500.0
159250,500.0
159500,109.56666666666666
159750,167.43333333333334
160000,295.56666666666666
160250,500.0
160500,249.5
160750,240.6
161000,141.96666666666667
161250,123.6
161500,189.86666666666667
161750,216.1
162000,286.3
162250,309.9
162500,471.56666666666666
162750,398.26666666666665
163000,214.63333333333333
163250,152.53333333333333
163500,367.43333333333334
163750,192.96666666666667
164000,387.93333333333334
164250,226.0
164500,221.26666666666668
164750,385.06666666666666
165000,171.3
165250,293.73333333333335
165500,500.0
165750,311.3
166000,104.8
166250,500.0
166500,500.0
166750,500.0
167000,168.7
167250,500.0
167500,500.0
167750,500.0
168000,500.0
168250,500.0
168500,500.0
168750,500.0
169000,500.0
169250,500.0
169500,500.0
169750,500.0
170000,500.0
170250,500.0
170500,500.0
170750,500.0
171000,500.0
171250,500.0
171500,500.0
171750,485.53333333333336
172000,500.0
172250,480.3666666666667
172500,500.0
172750,126.26666666666667
173000,500.0
173250,500.0
173500,500.0
173750,500.0
174000,500.0
174250,500.0
174500,500.0
174750,500.0
175000,500.0
175250,500.0
175500,451.3666666666667
175750,500.0
176000,500.0
176250,500.0
176500,500.0
176750,500.0
177000,500.0
177250,500.0
177500,500.0
177750,500.0
178000,500.0
178250,500.0
178500,500.0
178750,500.0
179000,500.0
179250,500.0
179500,500.0
179750,500.0
180000,500.0
180250,500.0
180500,500.0
180750,500.0
181000,500.0
181250,500.0
181500,500.0
181750,500.0
182000,500.0
182250,500.0
182500,500.0
182750,500.0
183000,500.0
183250,500.0
183500,500.0
183750,500.0
184000,500.0
184250,500.0
184500,500.0
184750,500.0
185000,500.0
185250,500.0
185500,500.0
185750,500.0
186000,500.0
186250,500.0
186500,500.0
186750,500.0
187000,500.0
187250,500.0
187500,500.0
187750,500.0
188000,500.0
188250,500.0
188500,500.0
188750,500.0
189000,500.0
189250,500.0
189500,500.0
189750,500.0
190000,500.0
190250,500.0
190500,500.0
190750,500.0
191000,500.0
191250,500.0
191500,500.0
191750,500.0
192000,500.0
192250,500.0
192500,500.0
192750,500.0
193000,500.0
193250,500.0
193500,500.0
193750,500.0
194000,486.23333333333335
194250,500.0
194500,500.0
194750,500.0
195000,500.0
195250,500.0
195500,500.0
195750,127.83333333333333
196000,68.7
196250,99.63333333333334
196500,95.7
196750,153.1
197000,500.0
197250,500.0
197500,500.0
197750,500.0
198000,500.0
198250,500.0
198500,500.0
198750,500.0
199000,193.9
199250,494.56666666666666
199500,500.0
199750,128.76666666666668
200000,487.46666666666664
200250,211.63333333333333
200500,500.0
200750,500.0
201000,500.0
201250,500.0
201500,500.0
201750,500.0
202000,500.0
202250,113.2
202500,500.0
202750,500.0
203000,121.13333333333334
203250,127.83333333333333
203500,500.0
203750,500.0
204000,500.0
204250,500.0
204500,500.0
204750,500.0
205000,500.0
205250,500.0
205500,500.0
205750,500.0
206000,500.0
206250,500.0
206500,500.0
206750,500.0
207000,500.0
207250,500.0
207500,500.0
207750,500.0
208000,500.0
208250,500.0
208500,500.0
208750,500.0
209000,500.0
209250,500.0
209500,318.1666666666667
209750,500.0
210000,117.8
210250,97.56666666666666
210500,500.0
210750,500.0
211000,500.0
211250,500.0
211500,500.0
211750,500.0
212000,471.73333333333335
212250,473.1666666666667
212500,404.96666666666664
212750,500.0
213000,500.0
213250,500.0
213500,500.0
213750,126.8
214000,500.0
214250,500.0
214500,500.0
214750,500.0
215000,500.0
215250,500.0
215500,500.0
215750,500.0
216000,500.0
216250,60.233333333333334
216500,500.0
216750,500.0
217000,500.0
217250,500.0
217500,500.0
217750,500.0
218000,500.0
218250,392.8666666666667
218500,500.0
218750,500.0
219000,500.0
219250,500.0
219500,500.0
219750,500.0
220000,500.0
220250,500.0
220500,313.4
220750,500.0
221000,500.0
221250,500.0
221500,500.0
221750,500.0
222000,500.0
222250,500.0
222500,500.0
222750,500.0
223000,500.0
223250,500.0
223500,500.0
223750,52.266666666666666
224000,500.0
224250,500.0
224500,500.0
224750,500.0
225000,500.0
225250,500.0
225500,500.0
225750,500.0
226000,500.0
226250,500.0
226500,500.0
226750,500.0
227000,500.0
227250,411.6
227500,472.8
227750,472.2
228000,500.0
228250,500.0
228500,61.5
228750,61.233333333333334
229000,59.333333333333336
229250,500.0
229500,500.0
229750,500.0
230000,500.0
230250,500.0
230500,500.0
230750,500.0
231000,500.0
231250,500.0
231500,500.0
231750,500.0
232000,500.0
232250,500.0
232500,500.0
232750,500.0
233000,500.0
233250,500.0
233500,500.0
233750,500.0
234000,244.1
234250,500.0
234500,500.0
234750,500.0
235000,500.0
235250,500.0
235500,485.06666666666666
235750,500.0
236000,500.0
236250,500.0
236500,500.0
236750,500.0
237000,500.0
237250,500.0
237500,500.0
237750,500.0
238000,500.0
238250,500.0
238500,500.0
238750,500.0
239000,111.36666666666666
239250,153.33333333333334
239500,500.0
239750,500.0
240000,500.0
240250,500.0
240500,500.0
240750,500.0
241000,500.0
241250,500.0
241500,500.0
241750,500.0
242000,500.0
242250,85.03333333333333
242500,71.0
242750,500.0
243000,500.0
243250,500.0
243500,500.0
243750,208.13333333333333
244000,184.6
244250,496.1
244500,500.0
244750,500.0
245000,328.8333333333333
245250,500.0
245500,500.0
245750,500.0
246000,401.53333333333336
246250,500.0
246500,500.0
246750,500.0
247000,500.0
247250,438.6
247500,500.0
247750,380.5
248000,500.0
248250,500.0
248500,248.5
248750,500.0
249000,76.63333333333334
249250,85.66666666666667
249500,481.7
249750,500.0
250000,500.0
250250,500.0
250500,500.0
250750,500.0
251000,500.0
251250,500.0
251500,500.0
251750,60.3
252000,500.0
252250,500.0
252500,500.0
252750,500.0
253000,500.0
253250,500.0
253500,500.0
253750,500.0
254000,500.0
254250,500.0
254500,500.0
254750,500.0
255000,500.0
255250,500.0
255500,466.3333333333333
255750,500.0
256000,500.0
256250,500.0
256500,500.0
256750,500.0
257000,500.0
257250,500.0
257500,500.0
257750,500.0
258000,500.0
258250,500.0
258500,500.0
258750,500.0
259000,500.0
259250,500.0
259500,500.0
259750,500.0
260000,500.0
260250,500.0
260500,500.0
260750,500.0
261000,500.0
261250,500.0
261500,408.46666666666664
261750,138.93333333333334
262000,153.03333333333333
262250,500.0
262500,500.0
262750,500.0
263000,500.0
263250,500.0
263500,500.0
263750,500.0
264000,500.0
264250,500.0
264500,500.0
264750,101.36666666666666
265000,500.0
265250,500.0
265500,500.0
265750,500.0
266000,500.0
266250,500.0
266500,500.0
266750,500.0
267000,500.0
267250,500.0
267500,500.0
267750,500.0
268000,500.0
268250,500.0
268500,500.0
268750,500.0
269000,500.0
269250,500.0
269500,500.0
269750,500.0
270000,68.5
270250,500.0
270500,500.0
270750,500.0
271000,134.73333333333332
271250,500.0
271500,500.0
271750,500.0
272000,500.0
272250,500.0
272500,500.0
272750,500.0
273000,500.0
273250,500.0
273500,500.0
273750,172.16666666666666
274000,120.03333333333333
274250,500.0
274500,500.0
274750,500.0
275000,500.0
275250,500.0
275500,500.0
275750,500.0
276000,222.06666666666666
276250,491.56666666666666
276500,500.0
276750,500.0
277000,500.0
277250,500.0
277500,139.26666666666668
277750,500.0
278000,500.0
278250,500.0
278500,500.0
278750,500.0
279000,500.0
279250,500.0
279500,500.0
279750,500.0
280000,500.0
280250,500.0
280500,500.0
280750,500.0
281000,500.0
281250,500.0
281500,500.0
281750,500.0
282000,500.0
282250,500.0
282500,500.0
282750,500.0
283000,500.0
283250,500.0
283500,500.0
283750,500.0
284000,500.0
284250,500.0
284500,500.0
284750,500.0
285000,500.0
285250,500.0
285500,500.0
285750,500.0
286000,500.0
286250,500.0
286500,500.0
286750,500.0
287000,500.0
287250,58.166666666666664
287500,115.7
287750,483.9
288000,500.0
288250,500.0
288500,500.0
288750,500.0
289000,500.0
289250,500.0
289500,500.0
289750,500.0
290000,500.0
290250,500.0
290500,500.0
290750,29.233333333333334
291000,500.0
291250,500.0
291500,465.3666666666667
291750,443.9
292000,190.06666666666666
292250,257.1666666666667
292500,500.0
292750,484.9
293000,401.06666666666666
293250,500.0
293500,500.0
293750,500.0
294000,500.0
294250,500.0
294500,500.0
294750,500.0
295000,500.0
295250,495.2
295500,494.6666666666667
295750,500.0
296000,500.0
296250,500.0
296500,500.0
296750,500.0
297000,434.46666666666664
297250,500.0
297500,500.0
297750,500.0
298000,500.0
298250,500.0
298500,500.0
298750,500.0
299000,486.8333333333333
299250,493.93333333333334
299500,500.0
299750,500.0
300000,73.1
300250,500.0
300500,500.0
300750,500.0
301000,500.0
301250,451.3333333333333
301500,192.4
301750,90.96666666666667
302000,500.0
302250,500.0
302500,500.0
302750,500.0
303000,500.0
303250,500.0
303500,500.0
303750,500.0
304000,500.0
304250,500.0
304500,132.03333333333333
304750,208.0
305000,351.2
305250,420.9
305500,500.0
305750,500.0
306000,500.0
306250,500.0
306500,500.0
306750,500.0
307000,500.0
307250,500.0
307500,276.4
307750,93.43333333333334
308000,107.4
308250,489.3666666666667
308500,500.0
308750,500.0
309000,500.0
309250,500.0
309500,500.0
309750,500.0
310000,500.0
310250,500.0
310500,500.0
310750,500.0
311000,500.0
311250,500.0
311500,500.0
311750,500.0
312000,500.0
312250,500.0
312500,500.0
312750,500.0
313000,69.56666666666666
313250,77.36666666666666
313500,89.73333333333333
313750,500.0
314000,102.8
314250,500.0
314500,498.96666666666664
314750,63.93333333333333
315000,64.33333333333333
315250,83.46666666666667
315500,62.6
315750,76.83333333333333
316000,37.833333333333336
316250,135.66666666666666
316500,500.0
316750,500.0
317000,500.0
317250,500.0
317500,500.0
317750,500.0
318000,500.0
318250,500.0
318500,500.0
318750,500.0
319000,500.0
319250,500.0
319500,500.0
319750,500.0
320000,500.0
320250,500.0
320500,500.0
320750,500.0
321000,500.0
321250,500.0
321500,90.43333333333334
321750,100.1
322000,500.0
322250,500.0
322500,470.76666666666665
322750,500.0
323000,484.73333333333335
323250,486.6666666666667
323500,500.0
323750,500.0
324000,500.0
324250,500.0
324500,500.0
324750,479.6
325000,101.96666666666667
325250,500.0
325500,500.0
325750,124.13333333333334
326000,500.0
326250,123.2
326500,500.0
326750,500.0
327000,500.0
327250,500.0
327500,85.96666666666667
327750,500.0
328000,500.0
328250,500.0
328500,500.0
328750,491.26666666666665
329000,114.9
329250,121.2
329500,500.0
329750,107.93333333333334
330000,111.8
330250,500.0
330500,500.0
330750,500.0
331000,500.0
331250,500.0
331500,112.26666666666667
331750,106.26666666666667
332000,500.0
332250,500.0
332500,500.0
332750,500.0
333000,500.0
333250,500.0
333500,500.0
333750,500.0
334000,500.0
334250,500.0
334500,500.0
334750,500.0
335000,500.0
335250,500.0
335500,500.0
335750,500.0
336000,500.0
336250,500.0
336500,500.0
336750,500.0
337000,500.0
337250,419.0
337500,500.0
337750,471.03333333333336
338000,500.0
338250,500.0
338500,500.0
338750,500.0
339000,500.0
339250,500.0
339500,500.0
339750,56.13333333333333
340000,413.6333333333333
340250,485.46666666666664
340500,500.0
340750,500.0
341000,500.0
341250,500.0
341500,500.0
341750,500.0
342000,500.0
342250,310.6666666666667
342500,343.9
342750,346.6666666666667
343000,500.0
343250,500.0
343500,500.0
343750,500.0
344000,500.0
344250,500.0
344500,500.0
344750,500.0
345000,500.0
345250,500.0
345500,500.0
345750,500.0
346000,500.0
346250,500.0
346500,500.0
346750,500.0
347000,500.0
347250,500.0
347500,500.0
347750,500.0
348000,500.0
348250,500.0
348500,500.0
348750,483.76666666666665
349000,500.0
349250,500.0
349500,500.0
349750,500.0
350000,500.0
350250,500.0
350500,500.0
350750,462.73333333333335
351000,500.0
351250,382.3333333333333
351500,441.6333333333333
351750,500.0
352000,149.73333333333332
352250,80.26666666666667
352500,131.3
352750,500.0
353000,500.0
353250,137.4
353500,500.0
353750,500.0
354000,462.6333333333333
354250,500.0
354500,500.0
354750,500.0
355000,500.0
355250,500.0
355500,500.0
355750,500.0
356000,500.0
356250,61.233333333333334
356500,500.0
356750,500.0
357000,467.5
357250,171.36666666666667
357500,500.0
357750,500.0
358000,467.46666666666664
358250,222.7
358500,151.0
358750,500.0
359000,500.0
359250,500.0
359500,500.0
359750,500.0
360000,500.0
360250,500.0
360500,500.0
360750,500.0
361000,500.0
361250,103.3
361500,500.0
361750,500.0
362000,500.0
362250,500.0
362500,500.0
362750,500.0
363000,500.0
363250,500.0
363500,500.0
363750,500.0
364000,500.0
364250,500.0
364500,500.0
364750,171.53333333333333
365000,500.0
365250,479.6
365500,500.0
365750,500.0
366000,500.0
366250,500.0
366500,500.0
366750,500.0
367000,500.0
367250,500.0
367500,463.1
367750,500.0
368000,500.0
368250,500.0
368500,500.0
368750,500.0
369000,488.0
369250,314.2
369500,342.46666666666664
369750,449.4
370000,500.0
370250,500.0
370500,346.1
370750,500.0
371000,500.0
371250,500.0
371500,500.0
371750,500.0
372000,500.0
372250,500.0
372500,500.0
372750,500.0
373000,500.0
373250,93.9
373500,500.0
373750,500.0
374000,500.0
374250,500.0
374500,500.0
374750,168.96666666666667
375000,500.0
375250,500.0
375500,500.0
375750,500.0
376000,500.0
376250,500.0
376500,500.0
376750,500.0
377000,500.0
377250,500.0
377500,500.0
377750,500.0
378000,500.0
378250,500.0
378500,500.0
378750,125.56666666666666
379000,500.0
379250,500.0
379500,500.0
379750,500.0
380000,500.0
380250,500.0
380500,500.0
380750,500.0
381000,500.0
381250,500.0
381500,97.93333333333334
381750,471.76666666666665
382000,500.0
382250,107.06666666666666
382500,393.76666666666665
382750,199.83333333333334
383000,500.0
383250,500.0
383500,500.0
383750,500.0
384000,500.0
384250,215.56666666666666
384500,384.7
384750,172.0
385000,119.03333333333333
385250,67.43333333333334
385500,65.2
385750,72.43333333333334
386000,78.6
386250,79.46666666666667
386500,500.0
386750,500.0
387000,500.0
387250,500.0
387500,500.0
387750,500.0
388000,500.0
388250,500.0
388500,500.0
388750,500.0
389000,500.0
389250,500.0
389500,500.0
389750,243.96666666666667
390000,500.0
390250,500.0
390500,500.0
390750,500.0
391000,500.0
391250,500.0
391500,500.0
391750,500.0
392000,34.833333333333336
392250,401.06666666666666
392500,500.0
392750,62.43333333333333
393000,373.8
393250,483.8333333333333
393500,500.0
393750,500.0
394000,500.0
394250,500.0
394500,13.7
394750,188.63333333333333
395000,500.0
395250,500.0
395500,294.8
395750,53.833333333333336
396000,59.5
396250,492.9
396500,215.13333333333333
396750,294.8666666666667
397000,500.0
397250,500.0
397500,500.0
397750,500.0
398000,500.0
398250,500.0
398500,342.53333333333336
398750,500.0
399000,500.0
399250,500.0
399500,500.0
399750,500.0
400000,500.0
400250,500.0
400500,500.0
400750,500.0
401000,199.06666666666666
401250,153.96666666666667
401500,500.0
401750,500.0
402000,500.0
402250,500.0
402500,500.0
402750,500.0
403000,500.0
403250,500.0
403500,500.0
403750,467.5
404000,500.0
404250,483.73333333333335
404500,369.8666666666667
404750,500.0
405000,500.0
405250,500.0
405500,500.0
405750,500.0
406000,500.0
406250,500.0
406500,500.0
406750,199.4
407000,500.0
407250,500.0
407500,500.0
407750,500.0
408000,500.0
408250,500.0
408500,126.53333333333333
408750,500.0
409000,500.0
409250,154.1
409500,150.8
409750,500.0
410000,500.0
410250,500.0
410500,500.0
410750,500.0
411000,500.0
411250,500.0
411500,500.0
411750,500.0
412000,500.0
412250,500.0
412500,500.0
412750,108.23333333333333
413000,126.83333333333333
413250,162.53333333333333
413500,177.53333333333333
413750,500.0
414000,500.0
414250,500.0
414500,500.0
414750,500.0
415000,500.0
415250,500.0
415500,500.0
415750,108.7
416000,500.0
416250,199.63333333333333
416500,500.0
416750,500.0
417000,500.0
417250,402.53333333333336
417500,483.73333333333335
417750,369.93333333333334
418000,500.0
418250,443.5
418500,500.0
418750,500.0
419000,500.0
419250,500.0
419500,500.0
419750,500.0
420000,500.0
420250,500.0
420500,500.0
420750,500.0
421000,500.0
421250,500.0
421500,177.26666666666668
421750,67.36666666666666
422000,413.8666666666667
422250,500.0
422500,500.0
422750,500.0
423000,500.0
423250,500.0
423500,500.0
423750,500.0
424000,500.0
424250,500.0
424500,500.0
424750,500.0
425000,500.0
425250,129.86666666666667
425500,144.0
425750,500.0
426000,500.0
426250,500.0
426500,500.0
426750,500.0
427000,500.0
427250,500.0
427500,500.0
427750,500.0
428000,500.0
428250,500.0
428500,500.0
428750,500.0
429000,500.0
429250,500.0
429500,500.0
429750,500.0
430000,500.0
430250,500.0
430500,500.0
430750,500.0
431000,500.0
431250,500.0
431500,500.0
431750,500.0
432000,500.0
432250,500.0
432500,500.0
432750,500.0
433000,500.0
433250,500.0
433500,500.0
433750,500.0
434000,500.0
434250,500.0
434500,500.0
434750,500.0
435000,500.0
435250,500.0
435500,500.0
435750,500.0
436000,500.0
436250,500.0
436500,500.0
436750,500.0
437000,500.0
437250,500.0
437500,500.0
437750,500.0
438000,500.0
438250,500.0
438500,500.0
438750,500.0
439000,500.0
439250,500.0
439500,500.0
439750,500.0
440000,500.0
440250,497.0
440500,485.93333333333334
440750,68.86666666666666
441000,500.0
441250,500.0
441500,500.0
441750,500.0
442000,500.0
442250,500.0
442500,500.0
442750,500.0
443000,498.8666666666667
443250,118.2
443500,82.6
443750,97.23333333333333
444000,112.46666666666667
444250,114.86666666666666
444500,146.0
444750,500.0
445000,500.0
445250,500.0
445500,487.06666666666666
445750,351.1333333333333
446000,500.0
446250,500.0
446500,500.0
446750,500.0
447000,500.0
447250,500.0
447500,500.0
447750,500.0
448000,500.0
448250,129.23333333333332
448500,500.0
448750,500.0
449000,500.0
449250,500.0
449500,500.0
449750,500.0
450000,500.0
450250,500.0
450500,500.0
450750,500.0
451000,500.0
451250,500.0
451500,500.0
451750,500.0
452000,500.0
452250,163.63333333333333
452500,500.0
452750,142.73333333333332
453000,500.0
453250,500.0
453500,500.0
453750,500.0
454000,500.0
454250,500.0
454500,500.0
454750,500.0
455000,500.0
455250,500.0
455500,500.0
455750,500.0
456000,500.0
456250,500.0
456500,500.0
456750,500.0
457000,500.0
457250,500.0
457500,500.0
457750,500.0
458000,500.0
458250,500.0
458500,500.0
458750,500.0
459000,500.0
459250,500.0
459500,500.0
459750,500.0
460000,500.0
460250,500.0
460500,500.0
460750,500.0
461000,500.0
461250,500.0
461500,500.0
461750,500.0
462000,500.0
462250,500.0
462500,500.0
462750,500.0
463000,500.0
463250,500.0
463500,500.0
463750,213.5
464000,224.9
464250,106.46666666666667
464500,496.8666666666667
464750,484.53333333333336
465000,500.0
465250,500.0
465500,500.0
465750,500.0
466000,500.0
466250,500.0
466500,500.0
466750,500.0
467000,500.0
467250,500.0
467500,500.0
467750,500.0
468000,500.0
468250,217.5
468500,99.33333333333333
468750,114.43333333333334
469000,163.0
469250,500.0
469500,500.0
469750,109.46666666666667
470000,144.23333333333332
470250,500.0
470500,500.0
470750,164.53333333333333
471000,59.93333333333333
471250,99.7
471500,500.0
471750,500.0
472000,500.0
472250,500.0
472500,500.0
472750,500.0
473000,500.0
473250,500.0
473500,500.0
473750,500.0
474000,500.0
474250,500.0
474500,500.0
474750,500.0
475000,500.0
475250,138.96666666666667
475500,100.46666666666667
475750,104.4
476000,63.833333333333336
476250,67.8
476500,53.0
476750,47.766666666666666
477000,65.83333333333333
477250,174.43333333333334
477500,316.06666666666666
477750,168.36666666666667
478000,500.0
478250,500.0
478500,500.0
478750,500.0
479000,500.0
479250,500.0
479500,500.0
479750,500.0
480000,500.0
480250,500.0
480500,500.0
480750,500.0
481000,500.0
481250,500.0
481500,143.26666666666668
481750,80.46666666666667
482000,289.4
482250,500.0
482500,500.0
482750,500.0
483000,217.8
483250,500.0
483500,500.0
483750,500.0
484000,500.0
484250,500.0
484500,500.0
484750,500.0
485000,56.6
485250,500.0
485500,500.0
485750,500.0
486000,500.0
486250,500.0
486500,500.0
486750,500.0
487000,500.0
487250,20.3
487500,64.0
487750,500.0
488000,500.0
488250,109.2
488500,85.33333333333333
488750,86.1
489000,86.5
489250,500.0
489500,500.0
489750,500.0
490000,500.0
490250,500.0
490500,500.0
490750,500.0
491000,500.0
491250,500.0
491500,500.0
491750,500.0
492000,500.0
492250,500.0
492500,500.0
492750,500.0
493000,500.0
493250,500.0
493500,500.0
493750,500.0
494000,500.0
494250,500.0
494500,190.73333333333332
494750,500.0
495000,500.0
495250,500.0
495500,500.0
495750,500.0
496000,500.0
496250,500.0
496500,500.0
496750,500.0
497000,500.0
497250,500.0
497500,500.0
497750,500.0
498000,500.0
498250,500.0
498500,500.0
498750,500.0
499000,500.0
499250,500.0
499500,500.0
499750,500.0
500000,500.0
500250,500.0
500500,500.0
500750,500.0
501000,500.0
501250,500.0
501500,340.1666666666667
501750,500.0
502000,500.0
502250,500.0
502500,500.0
502750,486.3333333333333
503000,500.0
503250,500.0
503500,500.0
503750,500.0
504000,500.0
504250,500.0
504500,500.0
504750,500.0
505000,500.0
505250,500.0
505500,500.0
505750,500.0
506000,500.0
506250,500.0
506500,500.0
506750,500.0
507000,500.0
507250,500.0
507500,500.0
507750,500.0
508000,500.0
508250,115.86666666666666
508500,500.0
508750,500.0
509000,500.0
509250,114.73333333333333
509500,86.23333333333333
509750,120.96666666666667
510000,48.06666666666667
510250,51.4
510500,42.63333333333333
510750,50.233333333333334
511000,119.63333333333334
511250,61.333333333333336
511500,500.0
511750,102.26666666666667
512000,91.66666666666667
512250,61.8
512500,81.73333333333333
512750,86.93333333333334
513000,136.3
513250,157.7
513500,500.0
513750,500.0
514000,500.0
514250,500.0
514500,500.0
514750,500.0
515000,212.93333333333334
515250,233.0
515500,500.0
515750,500.0
516000,455.06666666666666
516250,401.6
516500,417.43333333333334
516750,500.0
517000,500.0
517250,500.0
517500,500.0
517750,500.0
518000,500.0
518250,500.0
518500,500.0
518750,500.0
519000,500.0
519250,500.0
519500,500.0
519750,500.0
520000,500.0
520250,500.0
520500,15.1
520750,45.93333333333333
521000,45.5
521250,37.96666666666667
521500,45.53333333333333
521750,500.0
522000,500.0
522250,500.0
522500,487.6666666666667
522750,213.1
523000,411.3
523250,500.0
523500,500.0
523750,500.0
524000,500.0
524250,500.0
524500,500.0
524750,500.0
525000,500.0
525250,500.0
525500,500.0
525750,500.0
526000,245.1
526250,500.0
526500,500.0
526750,373.6666666666667
527000,500.0
527250,500.0
527500,500.0
527750,500.0
528000,500.0
528250,500.0
528500,500.0
528750,500.0
529000,500.0
529250,500.0
529500,272.3333333333333
529750,500.0
530000,500.0
530250,500.0
530500,500.0
530750,500.0
531000,500.0
531250,500.0
531500,500.0
531750,500.0
532000,500.0
532250,500.0
532500,500.0
532750,500.0
533000,500.0
533250,485.8333333333333
533500,500.0
533750,500.0
534000,500.0
534250,500.0
534500,500.0
534750,500.0
535000,500.0
535250,500.0
535500,500.0
535750,500.0
536000,500.0
536250,500.0
536500,500.0
536750,500.0
537000,500.0
537250,500.0
537500,500.0
537750,500.0
538000,500.0
538250,500.0
538500,500.0
538750,500.0
539000,500.0
539250,500.0
539500,500.0
539750,500.0
540000,500.0
540250,500.0
540500,500.0
540750,500.0
541000,500.0
541250,500.0
541500,500.0
541750,500.0
542000,500.0
542250,500.0
542500,500.0
542750,500.0
543000,500.0
543250,500.0
543500,500.0
543750,500.0
544000,500.0
544250,500.0
544500,500.0
544750,500.0
545000,500.0
545250,500.0
545500,500.0
545750,500.0
546000,500.0
546250,500.0
546500,500.0
546750,500.0
547000,500.0
547250,500.0
547500,500.0
547750,500.0
548000,500.0
548250,500.0
548500,500.0
548750,500.0
549000,500.0
549250,500.0
549500,500.0
549750,500.0
550000,500.0
550250,500.0
550500,500.0
550750,500.0
551000,117.46666666666667
551250,95.43333333333334
551500,81.33333333333333
551750,106.23333333333333
552000,113.4
552250,156.3
552500,143.0
552750,500.0
553000,500.0
553250,500.0
553500,102.9
553750,289.6666666666667
554000,96.06666666666666
554250,96.46666666666667
554500,101.33333333333333
554750,82.36666666666666
555000,312.0
555250,500.0
555500,500.0
555750,500.0
556000,500.0
556250,500.0
556500,500.0
556750,500.0
557000,500.0
557250,500.0
557500,500.0
557750,500.0
558000,500.0
558250,500.0
558500,500.0
558750,500.0
559000,500.0
559250,500.0
559500,500.0
559750,500.0
560000,53.7
560250,71.73333333333333
560500,83.96666666666667
560750,71.4
561000,90.36666666666666
561250,500.0
561500,500.0
561750,500.0
562000,500.0
562250,500.0
562500,500.0
562750,500.0
563000,500.0
563250,500.0
563500,500.0
563750,116.13333333333334
564000,133.2
564250,500.0
564500,500.0
564750,500.0
565000,500.0
565250,365.76666666666665
565500,500.0
565750,500.0
566000,500.0
566250,162.13333333333333
566500,360.2
566750,500.0
567000,282.73333333333335
567250,278.3333333333333
567500,202.46666666666667
567750,137.4
568000,204.53333333333333
568250,381.43333333333334
568500,192.33333333333334
568750,342.1
569000,235.1
569250,500.0
569500,500.0
569750,82.5
570000,103.73333333333333
570250,181.6
570500,155.2
570750,170.73333333333332
571000,52.46666666666667
571250,131.06666666666666
571500,167.9
571750,285.1333333333333
572000,154.1
572250,297.23333333333335
572500,500.0
572750,141.83333333333334
573000,270.53333333333336
573250,500.0
573500,500.0
573750,500.0
574000,204.53333333333333
574250,500.0
574500,500.0
574750,500.0
575000,500.0
575250,213.63333333333333
575500,500.0
575750,162.43333333333334
576000,132.43333333333334
576250,125.86666666666666
576500,470.46666666666664
576750,194.0
577000,500.0
577250,500.0
577500,500.0
577750,472.1666666666667
578000,500.0
578250,500.0
578500,500.0
578750,500.0
579000,500.0
579250,500.0
579500,500.0
579750,162.56666666666666
580000,500.0
580250,500.0
580500,500.0
580750,500.0
581000,500.0
581250,500.0
581500,500.0
581750,113.03333333333333
582000,96.86666666666666
582250,79.5
582500,279.6333333333333
582750,500.0
583000,500.0
583250,500.0
583500,500.0
583750,236.33333333333334
584000,150.13333333333333
584250,273.8
584500,202.7
584750,128.26666666666668
585000,500.0
585250,277.56666666666666
585500,205.1
585750,242.53333333333333
586000,180.56666666666666
586250,500.0
586500,107.9
586750,213.13333333333333
587000,500.0
587250,146.83333333333334
587500,500.0
587750,500.0
588000,487.2
588250,243.2
588500,500.0
588750,500.0
589000,80.7
589250,104.6
589500,500.0
589750,500.0
590000,284.76666666666665
590250,266.46666666666664
590500,347.76666666666665
590750,500.0
591000,457.96666666666664
591250,93.63333333333334
591500,494.06666666666666
591750,494.1666666666667
592000,132.86666666666667
592250,500.0
592500,464.1333333333333
592750,500.0
593000,238.26666666666668
593250,92.06666666666666
593500,500.0
593750,500.0
594000,460.8
594250,500.0
594500,500.0
594750,500.0
595000,500.0
595250,500.0
595500,500.0
595750,129.56666666666666
596000,325.06666666666666
596250,500.0
596500,500.0
596750,500.0
597000,500.0
597250,500.0
597500,500.0
597750,500.0
598000,500.0
598250,500.0
598500,500.0
598750,500.0
599000,500.0
599250,500.0
599500,500.0
599750,500.0
600000,500.0
600250,500.0
600500,500.0
600750,500.0
601000,500.0
601250,500.0
601500,500.0
601750,500.0
602000,500.0
602250,274.2
602500,500.0
602750,500.0
603000,500.0
603250,500.0
603500,500.0
603750,500.0
604000,500.0
604250,500.0
604500,500.0
604750,500.0
605000,500.0
605250,500.0
605500,500.0
605750,500.0
606000,90.36666666666666
606250,95.3
606500,59.9
606750,58.93333333333333
607000,38.63333333333333
607250,81.86666666666666
607500,500.0
607750,500.0
608000,495.73333333333335
608250,498.96666666666664
608500,139.4
608750,85.73333333333333
609000,286.7
609250,56.43333333333333
609500,58.666666666666664
609750,45.333333333333336
610000,52.5
610250,47.233333333333334
610500,484.6666666666667
610750,41.46666666666667
611000,42.86666666666667
611250,36.93333333333333
611500,500.0
611750,500.0
612000,288.4
612250,43.2
612500,45.4
612750,71.1
613000,500.0
613250,500.0
613500,500.0
613750,500.0
614000,500.0
614250,500.0
614500,500.0
614750,500.0
615000,500.0
615250,500.0
615500,500.0
615750,48.233333333333334
616000,500.0
616250,500.0
616500,500.0
616750,500.0
617000,500.0
617250,500.0
617500,500.0
617750,500.0
618000,470.96666666666664
618250,500.0
618500,500.0
618750,500.0
619000,500.0
619250,500.0
619500,500.0
619750,500.0
620000,500.0
620250,95.26666666666667
620500,485.26666666666665
620750,500.0
621000,500.0
621250,500.0
621500,500.0
621750,500.0
622000,500.0
622250,500.0
622500,50.233333333333334
622750,56.6
623000,500.0
623250,500.0
623500,500.0
623750,500.0
624000,500.0
624250,500.0
624500,500.0
624750,500.0
625000,91.5
625250,500.0
625500,500.0
625750,500.0
626000,500.0
626250,500.0
626500,500.0
626750,500.0
627000,500.0
627250,500.0
627500,500.0
627750,500.0
628000,500.0
628250,500.0
628500,500.0
628750,500.0
629000,500.0
629250,47.733333333333334
629500,51.56666666666667
629750,500.0
630000,500.0
630250,500.0
630500,500.0
630750,500.0
631000,500.0
631250,500.0
631500,500.0
631750,434.8
632000,500.0
632250,500.0
632500,305.1333333333333
632750,45.2
633000,138.83333333333334
633250,46.06666666666667
633500,500.0
633750,500.0
634000,500.0
634250,500.0
634500,500.0
634750,500.0
635000,500.0
635250,500.0
635500,500.0
635750,500.0
636000,500.0
636250,500.0
636500,500.0
636750,500.0
637000,500.0
637250,500.0
637500,500.0
637750,53.9
638000,213.8
638250,500.0
638500,500.0
638750,500.0
639000,500.0
639250,500.0
639500,500.0
639750,500.0
640000,9.933333333333334
640250,11.233333333333333
640500,500.0
640750,500.0
641000,500.0
641250,500.0
641500,500.0
641750,500.0
642000,500.0
642250,500.0
642500,500.0
642750,452.43333333333334
643000,500.0
643250,500.0
643500,500.0
643750,500.0
644000,500.0
644250,500.0
644500,500.0
644750,500.0
645000,500.0
645250,500.0
645500,500.0
645750,500.0
646000,500.0
646250,500.0
646500,500.0
646750,500.0
647000,100.46666666666667
647250,500.0
647500,500.0
647750,500.0
648000,500.0
648250,11.533333333333333
648500,479.93333333333334
648750,119.66666666666667
649000,500.0
649250,500.0
649500,500.0
649750,500.0
650000,157.63333333333333
650250,500.0
650500,187.6
650750,500.0
651000,500.0
651250,500.0
651500,177.43333333333334
651750,500.0
652000,302.03333333333336
652250,500.0
652500,173.96666666666667
652750,164.96666666666667
653000,129.03333333333333
653250,110.2
653500,208.13333333333333
653750,170.16666666666666
654000,125.83333333333333
654250,500.0
654500,500.0
654750,480.93333333333334
655000,500.0
655250,500.0
655500,500.0
655750,500.0
656000,123.26666666666667
656250,500.0
656500,183.23333333333332
656750,500.0
657000,500.0
657250,107.16666666666667
657500,500.0
657750,500.0
658000,500.0
658250,500.0
658500,176.6
658750,500.0
659000,500.0
659250,219.06666666666666
659500,481.1666666666667
659750,500.0
660000,229.13333333333333
660250,235.63333333333333
660500,500.0
660750,500.0
661000,500.0
661250,500.0
661500,500.0
661750,500.0
662000,500.0
662250,500.0
662500,500.0
662750,213.56666666666666
663000,195.1
663250,500.0
663500,500.0
663750,500.0
664000,500.0
664250,275.3666666666667
664500,500.0
664750,500.0
665000,500.0
665250,500.0
665500,500.0
665750,500.0
666000,500.0
666250,243.86666666666667
666500,500.0
666750,500.0
667000,500.0
667250,500.0
667500,500.0
667750,500.0
668000,500.0
668250,500.0
668500,500.0
668750,500.0
669000,359.73333333333335
669250,500.0
669500,135.3
669750,102.46666666666667
670000,183.26666666666668
670250,500.0
670500,500.0
670750,500.0
671000,500.0
671250,236.26666666666668
671500,105.73333333333333
671750,107.26666666666667
672000,500.0
672250,500.0
672500,500.0
672750,500.0
673000,500.0
673250,500.0
673500,500.0
673750,500.0
674000,500.0
674250,106.23333333333333
674500,500.0
674750,500.0
675000,500.0
675250,500.0
675500,483.76666666666665
675750,153.96666666666667
676000,126.66666666666667
676250,500.0
676500,500.0
676750,500.0
677000,500.0
677250,500.0
677500,500.0
677750,500.0
678000,500.0
678250,500.0
678500,500.0
678750,500.0
679000,500.0
679250,500.0
679500,99.63333333333334
679750,163.86666666666667
680000,500.0
680250,95.4
680500,500.0
680750,500.0
681000,475.96666666666664
681250,500.0
681500,500.0
681750,500.0
682000,108.33333333333333
682250,500.0
682500,96.26666666666667
682750,125.46666666666667
683000,467.93333333333334
683250,500.0
683500,500.0
683750,190.36666666666667
684000,435.9
684250,88.36666666666666
684500,500.0
684750,467.93333333333334
685000,500.0
685250,500.0
685500,500.0
685750,500.0
686000,500.0
686250,500.0
686500,139.13333333333333
686750,304.1
687000,148.33333333333334
687250,500.0
687500,500.0
687750,500.0
688000,500.0
688250,500.0
688500,500.0
688750,304.4
689000,500.0
689250,500.0
689500,500.0
689750,500.0
690000,500.0
690250,500.0
690500,500.0
690750,500.0
691000,500.0
691250,500.0
691500,500.0
691750,500.0
692000,500.0
692250,500.0
692500,174.0
692750,124.5
693000,500.0
693250,500.0
693500,500.0
693750,500.0
694000,500.0
694250,500.0
694500,500.0
694750,500.0
695000,500.0
695250,500.0
695500,500.0
695750,500.0
696000,500.0
696250,143.9
696500,114.13333333333334
696750,112.8
697000,111.23333333333333
697250,116.23333333333333
697500,326.8333333333333
697750,500.0
698000,500.0
698250,500.0
698500,500.0
698750,500.0
699000,92.33333333333333
699250,107.7
699500,78.9
699750,500.0
700000,500.0
700250,500.0
700500,320.76666666666665
700750,500.0
701000,500.0
701250,500.0
701500,500.0
701750,500.0
702000,500.0
702250,500.0
702500,164.73333333333332
702750,207.63333333333333
703000,110.3
703250,311.8333333333333
703500,122.76666666666667
703750,132.56666666666666
704000,137.7
704250,137.33333333333334
704500,195.0
704750,169.4
705000,92.73333333333333
705250,468.9
705500,491.6333333333333
705750,132.93333333333334
706000,500.0
706250,95.13333333333334
706500,313.1666666666667
706750,462.2
707000,500.0
707250,500.0
707500,418.76666666666665
707750,77.83333333333333
708000,140.1
708250,101.43333333333334
708500,451.1333333333333
708750,500.0
709000,500.0
709250,500.0
709500,500.0
709750,192.5
710000,500.0
710250,500.0
710500,58.1
710750,500.0
711000,500.0
711250,500.0
711500,500.0
711750,500.0
712000,65.43333333333334
712250,500.0
712500,500.0
712750,500.0
713000,500.0
713250,500.0
713500,500.0
713750,500.0
714000,500.0
714250,500.0
714500,500.0
714750,500.0
715000,500.0
715250,500.0
715500,225.2
715750,500.0
716000,500.0
716250,500.0
716500,97.13333333333334
716750,105.63333333333334
717000,329.1666666666667
717250,500.0
717500,82.0
717750,134.1
718000,500.0
718250,500.0
718500,500.0
718750,500.0
719000,52.266666666666666
719250,500.0
719500,500.0
719750,500.0
720000,500.0
720250,500.0
720500,500.0
720750,500.0
721000,57.63333333333333
721250,500.0
721500,500.0
721750,500.0
722000,500.0
722250,277.93333333333334
722500,500.0
722750,500.0
723000,500.0
723250,500.0
723500,500.0
723750,500.0
724000,500.0
724250,271.2
724500,500.0
724750,500.0
725000,500.0
725250,500.0
725500,500.0
725750,500.0
726000,13.9
726250,414.6
726500,500.0
726750,429.6666666666667
727000,55.9
727250,120.96666666666667
727500,252.26666666666668
727750,188.2
728000,173.33333333333334
728250,500.0
728500,500.0
728750,500.0
729000,500.0
729250,500.0
729500,500.0
729750,500.0
730000,500.0
730250,500.0
730500,500.0
730750,500.0
731000,424.93333333333334
731250,500.0
731500,500.0
731750,500.0
732000,500.0
732250,262.26666666666665
732500,500.0
732750,500.0
733000,103.96666666666667
733250,500.0
733500,500.0
733750,500.0
734000,500.0
734250,140.93333333333334
734500,493.5
734750,500.0
735000,500.0
735250,500.0
735500,500.0
735750,500.0
736000,500.0
736250,500.0
736500,500.0
736750,500.0
737000,484.03333333333336
737250,500.0
737500,469.6666666666667
737750,450.1333333333333
738000,500.0
738250,500.0
738500,484.6333333333333
738750,500.0
739000,484.43333333333334
739250,500.0
739500,500.0
739750,500.0
740000,500.0
740250,111.93333333333334
740500,500.0
740750,500.0
741000,500.0
741250,500.0
741500,177.0
741750,131.23333333333332
742000,115.23333333333333
742250,119.1
742500,170.2
742750,133.9
743000,16.466666666666665
743250,13.8
743500,500.0
743750,123.46666666666667
744000,500.0
744250,500.0
744500,81.03333333333333
744750,147.7
745000,500.0
745250,196.86666666666667
745500,500.0
745750,500.0
746000,197.5
746250,500.0
746500,500.0
746750,500.0
747000,500.0
747250,500.0
747500,500.0
747750,500.0
748000,500.0
748250,500.0
748500,500.0
748750,500.0
749000,500.0
749250,500.0
749500,500.0
749750,486.6666666666667
750000,500.0
750250,500.0
750500,500.0
750750,500.0
751000,500.0
751250,500.0
751500,500.0
751750,500.0
752000,500.0
752250,500.0
752500,332.6333333333333
752750,500.0
753000,500.0
753250,500.0
753500,500.0
753750,500.0
754000,166.56666666666666
754250,500.0
754500,500.0
754750,500.0
755000,500.0
755250,500.0
755500,500.0
755750,500.0
756000,500.0
756250,500.0
756500,500.0
756750,500.0
757000,500.0
757250,500.0
757500,500.0
757750,500.0
758000,500.0
758250,500.0
758500,500.0
758750,500.0
759000,500.0
759250,500.0
759500,500.0
759750,500.0
760000,489.0
760250,500.0
760500,500.0
760750,500.0
761000,500.0
761250,500.0
761500,500.0
761750,500.0
762000,500.0
762250,500.0
762500,500.0
762750,500.0
763000,500.0
763250,500.0
763500,500.0
763750,500.0
764000,500.0
764250,500.0
764500,500.0
764750,500.0
765000,500.0
765250,343.9
765500,500.0
765750,500.0
766000,500.0
766250,103.53333333333333
766500,104.33333333333333
766750,500.0
767000,500.0
767250,500.0
767500,500.0
767750,500.0
768000,500.0
768250,500.0
768500,500.0
768750,500.0
769000,500.0
769250,500.0
769500,500.0
769750,500.0
770000,500.0
770250,500.0
770500,500.0
770750,222.2
771000,500.0
771250,500.0
771500,500.0
771750,500.0
772000,500.0
772250,143.53333333333333
772500,500.0
772750,500.0
773000,500.0
773250,500.0
773500,500.0
773750,500.0
774000,80.1
774250,165.86666666666667
774500,96.43333333333334
774750,85.1
775000,500.0
775250,500.0
775500,500.0
775750,500.0
776000,194.6
776250,96.96666666666667
776500,500.0
776750,500.0
777000,500.0
777250,500.0
777500,500.0
777750,500.0
778000,500.0
778250,500.0
778500,500.0
778750,500.0
779000,500.0
779250,500.0
779500,500.0
779750,500.0
780000,500.0
780250,500.0
780500,185.26666666666668
780750,500.0
781000,500.0
781250,500.0
781500,500.0
781750,500.0
782000,223.96666666666667
782250,500.0
782500,500.0
782750,500.0
783000,500.0
783250,500.0
783500,500.0
783750,500.0
784000,500.0
784250,500.0
784500,500.0
784750,500.0
785000,500.0
785250,500.0
785500,500.0
785750,500.0
786000,137.86666666666667
786250,266.6333333333333
786500,500.0
786750,500.0
787000,104.2
787250,500.0
787500,146.66666666666666
787750,500.0
788000,500.0
788250,500.0
788500,500.0
788750,500.0
789000,500.0
789250,500.0
789500,500.0
789750,500.0
790000,500.0
790250,500.0
790500,500.0
790750,500.0
791000,500.0
791250,500.0
791500,500.0
791750,500.0
792000,500.0
792250,500.0
792500,500.0
792750,500.0
793000,500.0
793250,500.0
793500,500.0
793750,100.4
794000,297.6
794250,382.4
794500,92.1
794750,147.46666666666667
795000,211.63333333333333
795250,193.86666666666667
795500,102.63333333333334
795750,110.46666666666667
796000,84.1
796250,154.0
796500,128.53333333333333
796750,144.4
797000,251.96666666666667
797250,293.6333333333333
797500,377.6666666666667
797750,500.0
798000,475.1333333333333
798250,400.5
798500,500.0
798750,500.0
799000,53.5
799250,361.6333333333333
799500,500.0
799750,500.0
800000,500.0
800250,500.0
800500,500.0
800750,500.0
801000,500.0
801250,500.0
801500,91.93333333333334
801750,96.7
802000,177.6
802250,233.4
802500,500.0
802750,500.0
803000,290.96666666666664
803250,500.0
803500,500.0
803750,500.0
804000,500.0
804250,500.0
804500,148.33333333333334
804750,161.83333333333334
805000,412.93333333333334
805250,500.0
805500,500.0
805750,500.0
806000,500.0
806250,500.0
806500,500.0
806750,483.8
807000,500.0
807250,500.0
807500,500.0
807750,500.0
808000,500.0
808250,500.0
808500,500.0
808750,500.0
809000,500.0
809250,500.0
809500,500.0
809750,500.0
810000,500.0
810250,500.0
810500,500.0
810750,500.0
811000,500.0
811250,500.0
811500,500.0
811750,500.0
812000,500.0
812250,500.0
812500,500.0
812750,500.0
813000,500.0
813250,500.0
813500,500.0
813750,500.0
814000,500.0
814250,500.0
814500,500.0
814750,500.0
815000,500.0
815250,500.0
815500,500.0
815750,500.0
816000,500.0
816250,500.0
816500,500.0
816750,500.0
817000,500.0
817250,500.0
817500,490.1
817750,500.0
818000,345.06666666666666
818250,500.0
818500,500.0
818750,76.73333333333333
819000,459.56666666666666
819250,436.5
819500,91.7
819750,467.3
820000,270.46666666666664
820250,49.96666666666667
820500,95.36666666666666
820750,90.93333333333334
821000,488.8333333333333
821250,500.0
821500,500.0
821750,500.0
822000,500.0
822250,437.3
822500,484.8
822750,500.0
823000,500.0
823250,500.0
823500,500.0
823750,500.0
824000,500.0
824250,500.0
824500,500.0
824750,500.0
825000,500.0
825250,500.0
825500,500.0
825750,500.0
826000,500.0
826250,500.0
826500,500.0
826750,500.0
827000,500.0
827250,500.0
827500,500.0
827750,214.7
828000,497.73333333333335
828250,494.53333333333336
828500,500.0
828750,500.0
829000,395.26666666666665
829250,500.0
829500,500.0
829750,490.8
830000,500.0
830250,498.46666666666664
830500,275.96666666666664
830750,320.2
831000,499.43333333333334
831250,500.0
831500,500.0
831750,500.0
832000,500.0
832250,500.0
832500,500.0
832750,500.0
833000,500.0
833250,500.0
833500,500.0
833750,500.0
834000,500.0
834250,218.0
834500,453.53333333333336
834750,490.43333333333334
835000,500.0
835250,500.0
835500,500.0
835750,98.23333333333333
836000,106.23333333333333
836250,399.03333333333336
836500,324.8
836750,500.0
837000,500.0
837250,500.0
837500,500.0
837750,500.0
838000,422.06666666666666
838250,482.6
838500,500.0
838750,500.0
839000,500.0
839250,500.0
839500,500.0
839750,500.0
840000,182.6
840250,500.0
840500,500.0
840750,500.0
841000,500.0
841250,500.0
841500,500.0
841750,500.0
842000,500.0
842250,500.0
842500,500.0
842750,500.0
843000,500.0
843250,500.0
843500,500.0
843750,500.0
844000,142.33333333333334
844250,500.0
844500,500.0
844750,106.36666666666666
845000,153.23333333333332
845250,500.0
845500,500.0
845750,500.0
846000,500.0
846250,500.0
846500,500.0
846750,500.0
847000,500.0
847250,500.0
847500,500.0
847750,500.0
848000,500.0
848250,500.0
848500,500.0
848750,500.0
849000,500.0
849250,500.0
849500,500.0
849750,500.0
850000,500.0
850250,500.0
850500,500.0
850750,500.0
851000,113.76666666666667
851250,500.0
851500,500.0
851750,355.3666666666667
852000,500.0
852250,500.0
852500,500.0
852750,175.66666666666666
853000,452.0
853250,500.0
853500,500.0
853750,500.0
854000,500.0
854250,500.0
854500,500.0
854750,246.76666666666668
855000,146.93333333333334
855250,95.13333333333334
855500,421.26666666666665
855750,500.0
856000,500.0
856250,500.0
856500,500.0
856750,500.0
857000,500.0
857250,500.0
857500,500.0
857750,500.0
858000,460.1333333333333
858250,263.3666666666667
858500,412.7
858750,500.0
859000,500.0
859250,367.7
859500,500.0
859750,498.9
860000,179.56666666666666
860250,500.0
860500,500.0
860750,500.0
861000,500.0
861250,500.0
861500,500.0
861750,500.0
862000,500.0
862250,500.0
862500,500.0
862750,500.0
863000,500.0
863250,500.0
863500,500.0
863750,500.0
864000,500.0
864250,500.0
864500,500.0
864750,495.1666666666667
865000,500.0
865250,500.0
865500,500.0
865750,500.0
866000,226.83333333333334
866250,339.9
866500,500.0
866750,500.0
867000,500.0
867250,500.0
867500,500.0
867750,350.06666666666666
868000,440.3333333333333
868250,500.0
868500,500.0
868750,500.0
869000,440.1666666666667
869250,220.76666666666668
869500,500.0
869750,500.0
870000,500.0
870250,500.0
870500,500.0
870750,230.93333333333334
871000,360.6333333333333
871250,500.0
871500,96.6
871750,500.0
872000,500.0
872250,500.0
872500,500.0
872750,500.0
873000,500.0
873250,500.0
873500,500.0
873750,500.0
874000,500.0
874250,444.2
874500,500.0
874750,500.0
875000,500.0
875250,500.0
875500,500.0
875750,500.0
876000,486.96666666666664
876250,500.0
876500,500.0
876750,500.0
877000,500.0
877250,500.0
877500,321.5
877750,500.0
878000,161.0
878250,500.0
878500,241.86666666666667
878750,500.0
879000,500.0
879250,500.0
879500,500.0
879750,500.0
880000,500.0
880250,500.0
880500,500.0
880750,500.0
881000,500.0
881250,500.0
881500,500.0
881750,486.8
882000,486.5
882250,500.0
882500,500.0
882750,500.0
883000,474.3
883250,293.6666666666667
883500,258.9
883750,377.6
884000,500.0
884250,500.0
884500,90.66666666666667
884750,90.63333333333334
885000,500.0
885250,500.0
885500,500.0
885750,440.6333333333333
886000,112.93333333333334
886250,500.0
886500,485.3666666666667
886750,500.0
887000,500.0
887250,500.0
887500,500.0
887750,500.0
888000,500.0
888250,500.0
888500,500.0
888750,500.0
889000,500.0
889250,500.0
889500,500.0
889750,500.0
890000,500.0
890250,500.0
890500,500.0
890750,500.0
891000,500.0
891250,500.0
891500,279.76666666666665
891750,500.0
892000,500.0
892250,500.0
892500,308.3666666666667
892750,500.0
893000,500.0
893250,492.43333333333334
893500,436.5
893750,361.06666666666666
894000,426.2
894250,500.0
894500,500.0
894750,500.0
895000,466.9
895250,153.53333333333333
895500,234.63333333333333
895750,500.0
896000,500.0
896250,500.0
896500,500.0
896750,270.1666666666667
897000,305.5
897250,277.0
897500,500.0
897750,115.03333333333333
898000,500.0
898250,500.0
898500,500.0
898750,500.0
899000,500.0
899250,500.0
899500,224.76666666666668
899750,143.03333333333333
900000,161.0
900250,500.0
900500,500.0
900750,181.73333333333332
901000,129.56666666666666
901250,356.6666666666667
901500,132.66666666666666
901750,168.0
902000,500.0
902250,500.0
902500,316.3
902750,204.33333333333334
903000,214.26666666666668
903250,500.0
903500,455.5
903750,500.0
904000,229.46666666666667
904250,200.93333333333334
904500,188.53333333333333
904750,500.0
905000,500.0
905250,190.06666666666666
905500,500.0
905750,181.43333333333334
906000,35.96666666666667
906250,76.13333333333334
906500,80.6
906750,222.86666666666667
907000,500.0
907250,500.0
907500,500.0
907750,500.0
908000,446.96666666666664
908250,451.4
908500,500.0
908750,500.0
909000,500.0
909250,500.0
909500,35.733333333333334
909750,89.6
910000,44.86666666666667
910250,76.3
910500,469.93333333333334
910750,68.96666666666667
911000,232.0
911250,500.0
911500,500.0
911750,500.0
912000,214.0
912250,439.93333333333334
912500,414.1333333333333
912750,500.0
913000,500.0
913250,500.0
913500,500.0
913750,500.0
914000,500.0
914250,339.56666666666666
914500,500.0
914750,500.0
915000,500.0
915250,500.0
915500,500.0
915750,500.0
916000,500.0
916250,435.7
916500,483.73333333333335
916750,500.0
917000,483.76666666666665
917250,500.0
917500,500.0
917750,500.0
918000,500.0
918250,170.13333333333333
918500,500.0
918750,500.0
919000,500.0
919250,500.0
919500,500.0
919750,500.0
920000,500.0
920250,232.7
920500,409.8666666666667
920750,500.0
921000,169.06666666666666
921250,491.53333333333336
921500,134.4
921750,50.9
922000,41.333333333333336
922250,150.8
922500,500.0
922750,500.0
923000,309.7
923250,284.8333333333333
923500,500.0
923750,500.0
924000,500.0
924250,269.6666666666667
924500,500.0
924750,499.76666666666665
925000,500.0
925250,105.8
925500,500.0
925750,124.36666666666666
926000,500.0
926250,229.76666666666668
926500,500.0
926750,500.0
927000,500.0
927250,500.0
927500,500.0
927750,485.0
928000,352.7
928250,500.0
928500,261.3666666666667
928750,145.73333333333332
929000,397.1
929250,214.86666666666667
929500,274.23333333333335
929750,159.93333333333334
930000,304.93333333333334
930250,116.93333333333334
930500,204.1
930750,168.66666666666666
931000,124.03333333333333
931250,225.06666666666666
931500,248.3
931750,209.33333333333334
932000,140.63333333333333
932250,286.3666666666667
932500,152.63333333333333
932750,125.83333333333333
933000,500.0
933250,272.6666666666667
933500,214.96666666666667
933750,293.93333333333334
934000,181.16666666666666
934250,250.3
934500,134.93333333333334
934750,127.8
935000,116.5
935250,152.33333333333334
935500,173.56666666666666
935750,154.96666666666667
936000,500.0
936250,132.96666666666667
936500,154.2
936750,141.36666666666667
937000,179.5
937250,153.76666666666668
937500,122.0
937750,113.7
938000,109.5
938250,158.96666666666667
938500,157.3
938750,220.66666666666666
939000,189.76666666666668
939250,451.6
939500,178.03333333333333
939750,485.23333333333335
940000,223.26666666666668
940250,500.0
940500,153.7
940750,184.66666666666666
941000,257.7
941250,500.0
941500,500.0
941750,152.86666666666667
942000,138.5
942250,474.3666666666667
942500,500.0
942750,500.0
943000,500.0
943250,226.46666666666667
943500,500.0
943750,500.0
944000,500.0
944250,500.0
944500,500.0
944750,500.0
945000,500.0
945250,129.23333333333332
945500,500.0
945750,499.6333333333333
946000,500.0
946250,142.46666666666667
946500,500.0
946750,500.0
947000,500.0
947250,500.0
947500,500.0
947750,500.0
948000,500.0
948250,500.0
948500,500.0
948750,117.46666666666667
949000,500.0
949250,198.9
949500,413.4
949750,500.0
950000,500.0
950250,500.0
950500,500.0
950750,500.0
951000,500.0
951250,500.0
951500,500.0
951750,500.0
952000,500.0
952250,51.5
952500,500.0
952750,160.9
953000,500.0
953250,500.0
953500,500.0
953750,500.0
954000,500.0
954250,500.0
954500,500.0
954750,500.0
955000,91.6
955250,500.0
955500,500.0
955750,500.0
956000,500.0
956250,371.5
956500,500.0
956750,500.0
957000,500.0
957250,500.0
957500,500.0
957750,500.0
958000,500.0
958250,500.0
958500,500.0
958750,500.0
959000,500.0
959250,212.66666666666666
959500,500.0
959750,500.0
960000,500.0
960250,500.0
960500,500.0
960750,484.7
961000,500.0
961250,500.0
961500,500.0
961750,500.0
962000,500.0
962250,500.0
962500,500.0
962750,500.0
963000,500.0
963250,500.0
963500,500.0
963750,500.0
964000,500.0
964250,500.0
964500,500.0
964750,500.0
965000,500.0
965250,500.0
965500,500.0
965750,92.66666666666667
966000,63.666666666666664
966250,141.1
966500,500.0
966750,500.0
967000,500.0
967250,500.0
967500,500.0
967750,500.0
968000,500.0
968250,500.0
968500,500.0
968750,500.0
969000,500.0
969250,500.0
969500,479.1333333333333
969750,499.6333333333333
970000,500.0
970250,500.0
970500,500.0
970750,500.0
971000,500.0
971250,500.0
971500,500.0
971750,297.3666666666667
972000,499.0
972250,119.43333333333334
972500,142.96666666666667
972750,106.66666666666667
973000,117.33333333333333
973250,134.83333333333334
973500,98.86666666666666
973750,113.0
974000,116.1
974250,132.16666666666666
974500,162.76666666666668
974750,293.8666666666667
975000,189.6
975250,345.5
975500,398.43333333333334
975750,234.03333333333333
976000,123.73333333333333
976250,122.0
976500,204.03333333333333
976750,189.16666666666666
977000,220.96666666666667
977250,394.8
977500,238.03333333333333
977750,132.3
978000,160.16666666666666
978250,99.8
978500,106.2
978750,105.9
979000,119.33333333333333
979250,99.53333333333333
979500,247.13333333333333
979750,117.4
980000,341.8666666666667
980250,127.33333333333333
980500,120.16666666666667
980750,123.8
981000,155.53333333333333
981250,100.2
981500,113.83333333333333
981750,113.93333333333334
982000,123.7
982250,162.4
982500,236.33333333333334
982750,150.36666666666667
983000,143.33333333333334
983250,157.5
983500,96.26666666666667
983750,311.56666666666666
984000,125.1
984250,500.0
984500,500.0
984750,93.8
985000,90.33333333333333
985250,103.9
985500,500.0
985750,500.0
986000,144.03333333333333
986250,410.6
986500,292.56666666666666
986750,458.93333333333334
987000,500.0
987250,500.0
987500,500.0
987750,500.0
988000,500.0
988250,500.0
988500,179.16666666666666
988750,479.2
989000,500.0
989250,500.0
989500,500.0
989750,500.0
990000,500.0
990250,436.9
990500,500.0
990750,107.73333333333333
991000,500.0
991250,500.0
991500,500.0
991750,500.0
992000,494.5
992250,500.0
992500,500.0
992750,500.0
993000,500.0
993250,500.0
993500,500.0
993750,117.43333333333334
994000,500.0
994250,500.0
994500,500.0
994750,443.3666666666667
995000,500.0
995250,71.73333333333333
995500,457.06666666666666
995750,500.0
996000,500.0
996250,500.0
996500,500.0
996750,500.0
997000,500.0
997250,500.0
997500,500.0
997750,500.0
998000,500.0
998250,500.0
998500,500.0
998750,500.0
999000,500.0
999250,500.0
999500,500.0
999750,500.0
